{
  "object_type": "commerce",
  "content": {
    "title": "Ivory long dress (4 Color)",
    "image_url": "http://mud-kage.kakao.co.kr/dn/RY8ZN/btqgOGzITp3/uCM1x2xu7GNfr7NS9QvEs0/kakaolink40_original.png",
    "image_width": 640,
    "image_height": 640,
    "link": {
      "web_url": "https://style.kakao.com/main/women/contentId=100",
      "mobile_web_url": "https://style.kakao.com/main/women/contentId=100",
      "android_execution_params": "contentId=100",
      "ios_execution_params": "contentId=100"
    }
  },
  "commerce": {
    "regular_price": 208800,
    "discount_price": 146160,
    "discount_rate": 30
  },
  "buttons": [
    {
      "title": "구매하기",
      "link": {
        "web_url": "https://style.kakao.com/main/women/contentId=100/buy",
        "mobile_web_url": "https://style.kakao.com/main/women/contentId=100/buy",
        "android_execution_params": "contentId=100&buy=true",
        "ios_execution_params": "contentId=100&buy=true"
      }
    },
    {
      "title": "공유하기",
      "link": {
        "web_url": "https://style.kakao.com/main/women/contentId=100/share",
        "mobile_web_url": "https://style.kakao.com/main/women/contentId=100/share",
        "android_execution_params": "contentId=100&share=true",
        "ios_execution_params": "contentId=100&share=true"
      }
    }
  ]
}