{
  "object_type": "location",
  "content": {
    "title": "카카오 판교오피스",
    "description": "카카오 판교오피스 위치입니다.",
    "image_url": "https://mud-kage.kakao.com/dn/drTdbB/bWYf06POFPf/owUHIt7K7NoGD0hrzFLeW0/kakaolink40_original.png",
    "image_width": 800,
    "image_height": 800,
    "link": {
      "web_url": "http://dev.kakao.com",
      "mobile_web_url": "http://dev.kakao.com/mobile",
      "android_execution_params": "platform=android",
      "ios_execution_params": "platform=ios"
    }
  },
  "buttons": [
    {
      "title": "웹으로 보기",
      "link": {
        "web_url": "http://dev.kakao.com",
        "mobile_web_url": "http://dev.kakao.com/mobile"
      }
    }
  ],
  "address": "경기 성남시 분당구 판교역로 235 에이치스퀘어 N동 7층",
  "address_title": "카카오 판교오피스"
}